{
    "accuracy": 0.64,
    "precision": 0.6511627906976745,
    "recall": 0.5714285714285714,
    "auc": 0.6738695478191277
}